X,Y,Z,Q0,Qx,Qy,Qz,Error
-5.93805,22.1331,-54.0416,0.000653692,-0.964948,0.262403,0.00431323,0.358875
